{
  "rotation": {
    "x": -1.5707963267948966,
    "y": 3.141592653589793,
    "z": 0
  },
  "scale": 10,
  "offset": {
    "x": 0,
    "y": 0,
    "z": -10
  }
}